{"is_source_file": true, "format": "JavaScript (ES Module Migration Script)", "description": "This file is a configuration file for ESLint, defining linting rules, plugin integrations, and environment settings for a JavaScript/React project.", "external_files": ["@eslint/js", "eslint-plugin-react"], "external_methods": [], "published": [], "classes": [], "methods": [{"name": "default", "description": "Exports an ESLint configuration array that specifies file patterns, language options, rules, and plugin configurations."}], "calls": ["pluginJs", "pluginReact", "pluginJs.configs.recommended"], "search-terms": ["eslint", "rules", "plugins", "react", "eslint.config.mjs", "eslint", "jsx"], "state": 2, "file_id": 2, "knowledge_revision": 21, "git_revision": "e0466df6b21d59820f9fddef0f177a87b0ee243d", "hash": "be6538e7523bc2e9da0743133d784136", "format-version": 4, "code-base-name": "notes_frontend", "filename": "notes_frontend/eslint.config.mjs", "revision_history": [{"21": "e0466df6b21d59820f9fddef0f177a87b0ee243d"}]}