{"is_source_file": false, "format": null, "description": null, "external_files": [], "external_methods": [], "published": [], "classes": [], "methods": [], "calls": [], "search-terms": [], "state": 2, "file_id": 8, "knowledge_revision": 17, "git_revision": "468d246e03bc235a253db13a59f8d57e0f3c37c8", "hash": "bf333fae64809d53f1c5c5166dd12b36", "format-version": 4, "code-base-name": "notes_frontend", "filename": "notes_frontend/src/App.css", "revision_history": [{"17": "468d246e03bc235a253db13a59f8d57e0f3c37c8"}]}