{"is_source_file": true, "format": "JavaScript", "description": "This file provides API functions for a notes application, including methods to list, create, update, and delete notes. It handles both backend communication via fetch requests with timeout and fallback to in-memory storage if the backend is unreachable.", "external_files": ["fetch (built-in API)", "process.env (environment variables)"], "external_methods": ["fetch"], "published": ["listNotes", "createNote", "updateNote", "deleteNote", "__private__"], "classes": [], "methods": [{"name": "getApiBaseUrl()", "description": "Builds the base URL for API requests based on environment variables.", "scope": "", "scopeKind": ""}, {"name": "jsonRequest(path, options = {})", "description": "Performs a fetch request with timeout, error handling, and content processing.", "scope": "", "scopeKind": ""}, {"name": "listNotes()", "description": "Retrieves the list of notes, either from the backend or fallback to in-memory store.", "scope": "", "scopeKind": ""}, {"name": "createNote(payload)", "description": "Creates a new note via backend or fallback to in-memory store.", "scope": "", "scopeKind": ""}, {"name": "updateNote(id, payload)", "description": "Updates an existing note via backend or fallback to in-memory store.", "scope": "", "scopeKind": ""}, {"name": "deleteNote(id)", "description": "Deletes a note via backend or fallback to in-memory store.", "scope": "", "scopeKind": ""}, {"name": "withFallback(requestFn, fallbackFn)", "description": "Wrapper that attempts a request and falls back to local memory on error.", "scope": "", "scopeKind": ""}, {"name": "memSort(notes)", "description": "Sorts notes by most recent update, newest first.", "scope": "", "scopeKind": ""}, {"name": "nowIso()", "description": "Returns current date/time in ISO string format.", "scope": "", "scopeKind": ""}], "calls": ["fetch", "getApiBaseUrl()", "jsonRequest()", "withFallback()", "JSON.stringify()", "JSON.parse()", "memSort()"], "search-terms": ["notesApi", "REST requests", "fallback store", "in-memory notes", "createNote", "updateNote", "deleteNote", "listNotes"], "state": 2, "file_id": 7, "knowledge_revision": 27, "git_revision": "468d246e03bc235a253db13a59f8d57e0f3c37c8", "ctags": [{"_type": "tag", "name": "DEFAULT_TIMEOUT_MS", "path": "/home/kavia/workspace/code-generation/simple-notes-app-317404-317442/notes_frontend/src/api/notesApi.js", "pattern": "/^const DEFAULT_TIMEOUT_MS = 15000;$/", "language": "JavaScript", "kind": "constant"}, {"_type": "tag", "name": "__private__", "path": "/home/kavia/workspace/code-generation/simple-notes-app-317404-317442/notes_frontend/src/api/notesApi.js", "pattern": "/^export const __private__ = {$/", "language": "JavaScript", "kind": "constant"}, {"_type": "tag", "name": "createNote", "path": "/home/kavia/workspace/code-generation/simple-notes-app-317404-317442/notes_frontend/src/api/notesApi.js", "pattern": "/^export async function createNote(payload) {$/", "language": "JavaScript", "kind": "function", "signature": "(payload)"}, {"_type": "tag", "name": "deleteNote", "path": "/home/kavia/workspace/code-generation/simple-notes-app-317404-317442/notes_frontend/src/api/notesApi.js", "pattern": "/^export async function deleteNote(id) {$/", "language": "JavaScript", "kind": "function", "signature": "(id)"}, {"_type": "tag", "name": "getApiBaseUrl", "path": "/home/kavia/workspace/code-generation/simple-notes-app-317404-317442/notes_frontend/src/api/notesApi.js", "pattern": "/^  getApiBaseUrl,$/", "language": "JavaScript", "kind": "field", "scope": "__private__", "scopeKind": "class"}, {"_type": "tag", "name": "getApiBaseUrl", "path": "/home/kavia/workspace/code-generation/simple-notes-app-317404-317442/notes_frontend/src/api/notesApi.js", "pattern": "/^function getApiBaseUrl() {$/", "language": "JavaScript", "kind": "function", "signature": "()"}, {"_type": "tag", "name": "jsonRequest", "path": "/home/kavia/workspace/code-generation/simple-notes-app-317404-317442/notes_frontend/src/api/notesApi.js", "pattern": "/^async function jsonRequest(path, options = {}) {$/", "language": "JavaScript", "kind": "function", "signature": "(path, options = {})"}, {"_type": "tag", "name": "listNotes", "path": "/home/kavia/workspace/code-generation/simple-notes-app-317404-317442/notes_frontend/src/api/notesApi.js", "pattern": "/^export async function listNotes() {$/", "language": "JavaScript", "kind": "function", "signature": "()"}, {"_type": "tag", "name": "memNotes", "path": "/home/kavia/workspace/code-generation/simple-notes-app-317404-317442/notes_frontend/src/api/notesApi.js", "pattern": "/^let memNotes = [$/", "language": "JavaScript", "kind": "variable"}, {"_type": "tag", "name": "memSort", "path": "/home/kavia/workspace/code-generation/simple-notes-app-317404-317442/notes_frontend/src/api/notesApi.js", "pattern": "/^function memSort(notes) {$/", "language": "JavaScript", "kind": "function", "signature": "(notes)"}, {"_type": "tag", "name": "nowIso", "path": "/home/kavia/workspace/code-generation/simple-notes-app-317404-317442/notes_frontend/src/api/notesApi.js", "pattern": "/^function nowIso() {$/", "language": "JavaScript", "kind": "function", "signature": "()"}, {"_type": "tag", "name": "updateNote", "path": "/home/kavia/workspace/code-generation/simple-notes-app-317404-317442/notes_frontend/src/api/notesApi.js", "pattern": "/^export async function updateNote(id, payload) {$/", "language": "JavaScript", "kind": "function", "signature": "(id, payload)"}, {"_type": "tag", "name": "withFallback", "path": "/home/kavia/workspace/code-generation/simple-notes-app-317404-317442/notes_frontend/src/api/notesApi.js", "pattern": "/^async function withFallback(requestFn, fallbackFn) {$/", "language": "JavaScript", "kind": "function", "signature": "(requestFn, fallbackFn)"}], "hash": "9fd9c027ba32f3ed57540cf6b0d16d86", "format-version": 4, "code-base-name": "notes_frontend", "filename": "notes_frontend/src/api/notesApi.js", "fields": [{"name": "getApiBaseUrl,", "scope": "__private__", "scopeKind": "class", "description": "unavailable"}, {"name": "let memNotes = [", "scope": "", "scopeKind": "", "description": "unavailable"}], "revision_history": [{"27": "468d246e03bc235a253db13a59f8d57e0f3c37c8"}]}