{"is_source_file": false, "format": "JSON", "description": "", "external_files": [], "external_methods": [], "published": [], "classes": [], "methods": [], "calls": [], "search-terms": [], "state": 2, "file_id": 12, "knowledge_revision": 22, "git_revision": "e0466df6b21d59820f9fddef0f177a87b0ee243d", "hash": "d9d975cebe2ec20b6c652e1e4c12ccf0", "format-version": 4, "code-base-name": "notes_frontend", "filename": "notes_frontend/public/manifest.json", "revision_history": [{"22": "e0466df6b21d59820f9fddef0f177a87b0ee243d"}]}