{"is_source_file": true, "format": "JavaScript", "description": "This file is the entry point for a React-based frontend application. It imports React, ReactDOM, CSS styles, and the main App component, then initializes and renders the React app into the DOM.", "external_files": ["react", "react-dom/client", "./index.css", "./App"], "external_methods": ["ReactDOM.createRoot", "root.render"], "published": [], "classes": [], "methods": [{"name": "ReactDOM.createRoot", "description": "Creates a root to render a React component tree into a DOM element."}, {"name": "root.render", "description": "Render method to mount React component into the DOM."}], "calls": ["ReactDOM.createRoot", "root.render"], "search-terms": ["React", "ReactDOM", "index.js", "DOM rendering", "React app entry point", "main component"], "state": 2, "file_id": 9, "knowledge_revision": 26, "git_revision": "e0466df6b21d59820f9fddef0f177a87b0ee243d", "ctags": [{"_type": "tag", "name": "root", "path": "/home/kavia/workspace/code-generation/simple-notes-app-317404-317442/notes_frontend/src/index.js", "pattern": "/^const root = ReactDOM.createRoot(document.getElementById('root'));$/", "language": "JavaScript", "kind": "constant"}], "hash": "9fc5841375336fc175b49f8767a11383", "format-version": 4, "code-base-name": "notes_frontend", "filename": "notes_frontend/src/index.js", "revision_history": [{"26": "e0466df6b21d59820f9fddef0f177a87b0ee243d"}]}