{"is_source_file": true, "format": "JavaScript (React JSX)", "description": "Main React component for the Notes application, implementing notes CRUD operations, themes, and responsive UI.", "external_files": ["./api/notesApi", "./App.css"], "external_methods": ["listNotes", "createNote", "updateNote", "deleteNote"], "published": ["App"], "classes": [], "methods": [{"name": "normalizeNote(raw)", "description": "Transforms raw note data into standardized note object.", "scope": "", "scopeKind": ""}, {"name": "notePreview(content)", "description": "Generates a brief preview string of note content.", "scope": "", "scopeKind": ""}, {"name": "safeDateLabel(iso)", "description": "Formats ISO date strings into localized date labels.", "scope": "", "scopeKind": ""}, {"name": "useMediaQuery(query)", "description": "Custom hook to detect media query matches for responsive design.", "scope": "", "scopeKind": ""}, {"name": "App()", "description": "Main React component for the notes application, managing state and UI flow.", "scope": "", "scopeKind": ""}, {"name": "toggleTheme", "description": "Toggles between light and dark themes."}, {"name": "handleNewNote()", "description": "Creates a new note and updates the notes list.", "scope": "App", "scopeKind": "function"}, {"name": "handleSave()", "description": "Saves updates made to the currently selected note.", "scope": "App", "scopeKind": "function"}, {"name": "handleDelete()", "description": "Deletes the currently selected note.", "scope": "App", "scopeKind": "function"}, {"name": "handleSelect(id)", "description": "Selects a note by its ID, updating the editor view.", "scope": "App", "scopeKind": "function"}, {"name": "setError(e)", "description": "Sets the error message state.", "scope": "App", "scopeKind": "function"}, {"name": "load()", "scope": "App", "scopeKind": "function", "description": "unavailable"}], "calls": ["listNotes", "createNote", "updateNote", "deleteNote"], "search-terms": ["React App component", "notes CRUD", "responsive notes UI", "theme toggle", "note normalization", "media query hook"], "state": 2, "file_id": 5, "knowledge_revision": 25, "git_revision": "468d246e03bc235a253db13a59f8d57e0f3c37c8", "ctags": [{"_type": "tag", "name": "App", "path": "/home/kavia/workspace/code-generation/simple-notes-app-317404-317442/notes_frontend/src/App.js", "pattern": "/^function App() {$/", "language": "JavaScript", "kind": "function", "signature": "()"}, {"_type": "tag", "name": "handleDelete", "path": "/home/kavia/workspace/code-generation/simple-notes-app-317404-317442/notes_frontend/src/App.js", "pattern": "/^  async function handleDelete() {$/", "language": "JavaScript", "kind": "function", "signature": "()", "scope": "App", "scopeKind": "function"}, {"_type": "tag", "name": "handleNewNote", "path": "/home/kavia/workspace/code-generation/simple-notes-app-317404-317442/notes_frontend/src/App.js", "pattern": "/^  async function handleNewNote() {$/", "language": "JavaScript", "kind": "function", "signature": "()", "scope": "App", "scopeKind": "function"}, {"_type": "tag", "name": "handleSave", "path": "/home/kavia/workspace/code-generation/simple-notes-app-317404-317442/notes_frontend/src/App.js", "pattern": "/^  async function handleSave() {$/", "language": "JavaScript", "kind": "function", "signature": "()", "scope": "App", "scopeKind": "function"}, {"_type": "tag", "name": "handleSelect", "path": "/home/kavia/workspace/code-generation/simple-notes-app-317404-317442/notes_frontend/src/App.js", "pattern": "/^  function handleSelect(id) {$/", "language": "JavaScript", "kind": "function", "signature": "(id)", "scope": "App", "scopeKind": "function"}, {"_type": "tag", "name": "load", "path": "/home/kavia/workspace/code-generation/simple-notes-app-317404-317442/notes_frontend/src/App.js", "pattern": "/^    async function load() {$/", "language": "JavaScript", "kind": "function", "signature": "()", "scope": "App", "scopeKind": "function"}, {"_type": "tag", "name": "normalizeNote", "path": "/home/kavia/workspace/code-generation/simple-notes-app-317404-317442/notes_frontend/src/App.js", "pattern": "/^function normalizeNote(raw) {$/", "language": "JavaScript", "kind": "function", "signature": "(raw)"}, {"_type": "tag", "name": "notePreview", "path": "/home/kavia/workspace/code-generation/simple-notes-app-317404-317442/notes_frontend/src/App.js", "pattern": "/^function notePreview(content) {$/", "language": "JavaScript", "kind": "function", "signature": "(content)"}, {"_type": "tag", "name": "safeDateLabel", "path": "/home/kavia/workspace/code-generation/simple-notes-app-317404-317442/notes_frontend/src/App.js", "pattern": "/^function safeDateLabel(iso) {$/", "language": "JavaScript", "kind": "function", "signature": "(iso)"}, {"_type": "tag", "name": "setError", "path": "/home/kavia/workspace/code-generation/simple-notes-app-317404-317442/notes_frontend/src/App.js", "pattern": "/^  function setError(e) {$/", "language": "JavaScript", "kind": "function", "signature": "(e)", "scope": "App", "scopeKind": "function"}, {"_type": "tag", "name": "useMediaQuery", "path": "/home/kavia/workspace/code-generation/simple-notes-app-317404-317442/notes_frontend/src/App.js", "pattern": "/^function useMediaQuery(query) {$/", "language": "JavaScript", "kind": "function", "signature": "(query)"}], "hash": "11d0fc9d35d784129e5f6800f5bf64ee", "format-version": 4, "code-base-name": "notes_frontend", "filename": "notes_frontend/src/App.js", "revision_history": [{"25": "468d246e03bc235a253db13a59f8d57e0f3c37c8"}]}