{"is_source_file": false, "format": "", "description": "", "external_files": [], "external_methods": [], "published": [], "classes": [], "methods": [], "calls": [], "search-terms": [], "state": 2, "file_id": 4, "knowledge_revision": 15, "git_revision": "468d246e03bc235a253db13a59f8d57e0f3c37c8", "hash": "e7f737d12de9ae3dc64eb87fb47a94dd", "format-version": 4, "code-base-name": "notes_frontend", "filename": "notes_frontend/src/index.css", "revision_history": [{"15": "468d246e03bc235a253db13a59f8d57e0f3c37c8"}]}