{"is_source_file": false, "format": "", "description": "", "external_files": [], "external_methods": [], "published": [], "classes": [], "methods": [], "calls": [], "search-terms": ["index.html", "HTML template", "public folder", "web app", "React"], "state": 2, "file_id": 11, "knowledge_revision": 19, "git_revision": "e0466df6b21d59820f9fddef0f177a87b0ee243d", "hash": "d2b40d02d5f7873d8a6713bad837edd4", "format-version": 4, "code-base-name": "notes_frontend", "filename": "notes_frontend/public/index.html", "revision_history": [{"19": "e0466df6b21d59820f9fddef0f177a87b0ee243d"}]}